id,expected_filename
0011,0011.pdf
0015,0015.pdf
0022,0022.pdf
0024,0024.pdf
0025,0025.pdf
0026,0026.pdf
0030,0030.pdf
0031,0031.pdf
0033,0033.pdf
0035,0035.pdf
0036,0036.pdf
0037,0037.pdf
0039,0039.pdf
0042,0042.pdf
0043,0043.pdf
0047,0047.pdf
0052,0052.pdf
0057,0057.pdf
0059,0059.pdf
0064,0064.pdf
0065,0065.pdf
0066,0066.pdf
0069,0069.pdf
0070,0070.pdf
0074,0074.pdf
0076,0076.pdf
0077,0077.pdf
0080,0080.pdf
0083,0083.pdf
0085,0085.pdf
0086,0086.pdf
0088,0088.pdf
0092,0092.pdf
0093,0093.pdf
0094,0094.pdf
0097,0097.pdf
0098,0098.pdf
0101,0101.pdf
0102,0102.pdf
0105,0105.pdf
0107,0107.pdf
0108,0108.pdf
0109,0109.pdf
0111,0111.pdf
0115,0115.pdf
0116,0116.pdf
0117,0117.pdf
0119,0119.pdf
0120,0120.pdf
0121,0121.pdf
0122,0122.pdf
0123,0123.pdf
0125,0125.pdf
0126,0126.pdf
0128,0128.pdf
0129,0129.pdf
0130,0130.pdf
0133,0133.pdf
0134,0134.pdf
0136,0136.pdf
0138,0138.pdf
0139,0139.pdf
0141,0141.pdf
0143,0143.pdf
0144,0144.pdf
0145,0145.pdf
0147,0147.pdf
0150,0150.pdf
0151,0151.pdf
0153,0153.pdf
0154,0154.pdf
0159,0159.pdf
0161,0161.pdf
0164,0164.pdf
0165,0165.pdf
0170,0170.pdf
0172,0172.pdf
0173,0173.pdf
0175,0175.pdf
0177,0177.pdf
0180,0180.pdf
0181,0181.pdf
0182,0182.pdf
0183,0183.pdf
0186,0186.pdf
0193,0193.pdf
0195,0195.pdf
0196,0196.pdf
0198,0198.pdf
0199,0199.pdf
0201,0201.pdf
0203,0203.pdf
0209,0209.pdf
0210,0210.pdf
0211,0211.pdf
0213,0213.pdf
0215,0215.pdf
0219,0219.pdf
0220,0220.pdf
0225,0225.pdf
0227,0227.pdf
0228,0228.pdf
0233,0233.pdf
0235,0235.pdf
0236,0236.pdf
0239,0239.pdf
0242,0242.pdf
0246,0246.pdf
0248,0248.pdf
0252,0252.pdf
0254,0254.pdf
0255,0255.pdf
0256,0256.pdf
0259,0259.pdf
0260,0260.pdf
0261,0261.pdf
0262,0262.pdf
0265,0265.pdf
0266,0266.pdf
0268,0268.pdf
0269,0269.pdf
0272,0272.pdf
0274,0274.pdf
0276,0276.pdf
0278,0278.pdf
0281,0281.pdf
0283,0283.pdf
0284,0284.pdf
0286,0286.pdf
0287,0287.pdf
0288,0288.pdf
0292,0292.pdf
0293,0293.pdf
0294,0294.pdf
0295,0295.pdf
0296,0296.pdf
0299,0299.pdf
0302,0302.pdf
0303,0303.pdf
0305,0305.pdf
0310,0310.pdf
0311,0311.pdf
0312,0312.pdf
0313,0313.pdf
0318,0318.pdf
0320,0320.pdf
0322,0322.pdf
0323,0323.pdf
0324,0324.pdf
0325,0325.pdf
0327,0327.pdf
0328,0328.pdf
0329,0329.pdf
0332,0332.pdf
0334,0334.pdf
0335,0335.pdf
0338,0338.pdf
0340,0340.pdf
0341,0341.pdf
0342,0342.pdf
0343,0343.pdf
0345,0345.pdf
0348,0348.pdf
0349,0349.pdf
0350,0350.pdf
0351,0351.pdf
0353,0353.pdf
0355,0355.pdf
0356,0356.pdf
0357,0357.pdf
0358,0358.pdf
0360,0360.pdf
0361,0361.pdf
0363,0363.pdf
0365,0365.pdf
0366,0366.pdf
0367,0367.pdf
0369,0369.pdf
0370,0370.pdf
0372,0372.pdf
0375,0375.pdf
0377,0377.pdf
0378,0378.pdf
0379,0379.pdf
0381,0381.pdf
0382,0382.pdf
0384,0384.pdf
0385,0385.pdf
0387,0387.pdf
0388,0388.pdf
0389,0389.pdf
0391,0391.pdf
0394,0394.pdf
0395,0395.pdf
0396,0396.pdf
0397,0397.pdf
0398,0398.pdf
0399,0399.pdf
